file,da,nsd,paper,doi,doi_no_underscore,journal_abrev,container.title,predicted,actual_da,actual_nsd,notes
Data/html/10.1128_aac.01993-18.html,No,No,https://journals.asm.org/doi/10.1128/aac.01993-18,10.1128_aac.01993-18,10.1128/aac.01993-18,aac,Antimicrobial Agents and Chemotherapy,Data/predicted/10.1128_aac.01993-18.csv,No,No,NA
Data/html/10.1128_aac.00754-21.html,No,No,https://journals.asm.org/doi/10.1128/aac.00754-21,10.1128_aac.00754-21,10.1128/aac.00754-21,aac,Antimicrobial Agents and Chemotherapy,Data/predicted/10.1128_aac.00754-21.csv,No,No,NA
Data/html/10.1128_aac.00065-13.html,No,No,https://journals.asm.org/doi/10.1128/aac.00065-13,10.1128_aac.00065-13,10.1128/aac.00065-13,aac,Antimicrobial Agents and Chemotherapy,Data/predicted/10.1128_aac.00065-13.csv,No,No,NA
Data/html/10.1128_aac.02053-18.html,No,No,https://journals.asm.org/doi/10.1128/aac.02053-18,10.1128_aac.02053-18,10.1128/aac.02053-18,aac,Antimicrobial Agents and Chemotherapy,Data/predicted/10.1128_aac.02053-18.csv,No,No,NA
Data/html/10.1128_aac.02565-17.html,No,No,https://journals.asm.org/doi/10.1128/aac.02565-17,10.1128_aac.02565-17,10.1128/aac.02565-17,aac,Antimicrobial Agents and Chemotherapy,Data/predicted/10.1128_aac.02565-17.csv,No,No,NA
Data/html/10.1128_aac.01003-21.html,No,No,https://journals.asm.org/doi/10.1128/aac.01003-21,10.1128_aac.01003-21,10.1128/aac.01003-21,aac,Antimicrobial Agents and Chemotherapy,Data/predicted/10.1128_aac.01003-21.csv,No,No,NA
Data/html/10.1128_aac.44.10.2638-2644.2000.html,No,No,https://journals.asm.org/doi/10.1128/aac.44.10.2638-2644.2000,10.1128_aac.44.10.2638-2644.2000,10.1128/aac.44.10.2638-2644.2000,aac,Antimicrobial Agents and Chemotherapy,Data/predicted/10.1128_aac.44.10.2638-2644.2000.csv,No,No,NA
Data/html/10.1128_aac.01252-21.html,No,No,https://journals.asm.org/doi/10.1128/aac.01252-21,10.1128_aac.01252-21,10.1128/aac.01252-21,aac,Antimicrobial Agents and Chemotherapy,Data/predicted/10.1128_aac.01252-21.csv,No,No,NA
Data/html/10.1128_aac.49.3.1060-1066.2005.html,No,Yes,https://journals.asm.org/doi/10.1128/aac.49.3.1060-1066.2005,10.1128_aac.49.3.1060-1066.2005,10.1128/aac.49.3.1060-1066.2005,aac,Antimicrobial Agents and Chemotherapy,Data/predicted/10.1128_aac.49.3.1060-1066.2005.csv,No,Yes,NA
Data/html/10.1128_aac.00345-16.html,No,No,https://journals.asm.org/doi/10.1128/aac.00345-16,10.1128_aac.00345-16,10.1128/aac.00345-16,aac,Antimicrobial Agents and Chemotherapy,Data/predicted/10.1128_aac.00345-16.csv,No,No,NA
Data/html/10.1128_genomea.00579-14.html,Yes,Yes,https://journals.asm.org/doi/10.1128/genomea.00579-14,NA,NA,NA,NA,NA,Yes,Yes,NA
Data/html/10.1128_genomea.00995-17.html,Yes,Yes,https://journals.asm.org/doi/10.1128/genomea.00995-17,NA,NA,NA,NA,NA,Yes,Yes,NA
Data/html/10.1128_genomea.01160-13.html,Yes,Yes,https://journals.asm.org/doi/10.1128/genomea.01160-13,NA,NA,NA,NA,NA,Yes,Yes,NA
Data/html/10.1128_microbiolspec.psib-0009-2018.html,No,No,https://journals.asm.org/doi/10.1128/microbiolspec.psib-0009-2018,NA,NA,NA,NA,NA,No,No,NA
Data/html/10.1128_genomea.00889-17.html,Yes,Yes,https://journals.asm.org/doi/full/10.1128/genomea.00889-17,NA,NA,NA,NA,NA,Yes,Yes,NA
Data/html/10.1128_genomea.01288-16.html,Yes,Yes,https://journals.asm.org/doi/10.1128/genomea.01288-16,NA,NA,NA,NA,NA,Yes,Yes,NA
Data/html/10.1128_genomea.00483-16.html,Yes,Yes,https://journals.asm.org/doi/10.1128/genomea.00483-16,NA,NA,NA,NA,NA,Yes,Yes,NA
Data/html/10.1128_genomea.00677-17.html,Yes,Yes,https://journals.asm.org/doi/10.1128/genomea.00677-17,NA,NA,NA,NA,NA,Yes,Yes,NA
Data/html/10.1128_genomea.01276-16.html,Yes,Yes,https://journals.asm.org/doi/10.1128/genomea.01276-16,NA,NA,NA,NA,NA,Yes,Yes,NA
Data/html/10.1128_microbiolspec.bad-0010-2016.html,No,No,https://journals.asm.org/doi/10.1128/microbiolspec.bad-0010-2016,NA,NA,NA,NA,NA,No,No,NA
Data/html/10.1128_jb.187.3.813-821.2005.html,No,No,https://journals.asm.org/doi/10.1128/jb.187.3.813-821.2005,10.1128_jb.187.3.813-821.2005,10.1128/jb.187.3.813-821.2005,jb,Journal of Bacteriology,Data/predicted/10.1128_jb.187.3.813-821.2005.csv,No,No,NA
Data/html/10.1128_jb.182.16.4443-4452.2000.html,No,No,https://journals.asm.org/doi/10.1128/jb.182.16.4443-4452.2000,10.1128_jb.182.16.4443-4452.2000,10.1128/jb.182.16.4443-4452.2000,jb,Journal of Bacteriology,Data/predicted/10.1128_jb.182.16.4443-4452.2000.csv,No,No,NA
Data/html/10.1128_jb.186.20.6749-6758.2004.html,No,No,https://journals.asm.org/doi/10.1128/jb.186.20.6749-6758.2004,10.1128_jb.186.20.6749-6758.2004,10.1128/jb.186.20.6749-6758.2004,jb,Journal of Bacteriology,Data/predicted/10.1128_jb.186.20.6749-6758.2004.csv,No,No,NA
Data/html/10.1128_jb.01136-08.html,No,Yes,https://journals.asm.org/doi/10.1128/jb.01136-08,10.1128_jb.01136-08,10.1128/jb.01136-08,jb,Journal of Bacteriology,Data/predicted/10.1128_jb.01136-08.csv,No,Yes,NA
Data/html/10.1128_jb.188.10.3697-3708.2006.html,No,No,https://journals.asm.org/doi/10.1128/jb.188.10.3697-3708.2006,10.1128_jb.188.10.3697-3708.2006,10.1128/jb.188.10.3697-3708.2006,jb,Journal of Bacteriology,Data/predicted/10.1128_jb.188.10.3697-3708.2006.csv,No,No,NA
Data/html/10.1128_jb.06816-11.html,No,No,https://journals.asm.org/doi/10.1128/jb.06816-11,10.1128_jb.06816-11,10.1128/jb.06816-11,jb,Journal of Bacteriology,Data/predicted/10.1128_jb.06816-11.csv,No,No,NA
Data/html/10.1128_jb.06239-11.html,No,No,https://journals.asm.org/doi/10.1128/jb.06239-11,10.1128_jb.06239-11,10.1128/jb.06239-11,jb,Journal of Bacteriology,Data/predicted/10.1128_jb.06239-11.csv,No,No,NA
Data/html/10.1128_jb.00379-10.html,No,No,https://journals.asm.org/doi/10.1128/jb.00379-10,10.1128_jb.00379-10,10.1128/jb.00379-10,jb,Journal of Bacteriology,Data/predicted/10.1128_jb.00379-10.csv,No,No,NA
Data/html/10.1128_jb.184.11.2969-2977.2002.html,No,Yes,https://journals.asm.org/doi/10.1128/jb.184.11.2969-2977.2002,10.1128_jb.184.11.2969-2977.2002,10.1128/jb.184.11.2969-2977.2002,jb,Journal of Bacteriology,Data/predicted/10.1128_jb.184.11.2969-2977.2002.csv,Yes,Yes,available at Genbank for 16s but also focused proteins
Data/html/10.1128_jb.183.20.5896-5903.2001.html,No,No,https://journals.asm.org/doi/10.1128/jb.183.20.5896-5903.2001,10.1128_jb.183.20.5896-5903.2001,10.1128/jb.183.20.5896-5903.2001,jb,Journal of Bacteriology,Data/predicted/10.1128_jb.183.20.5896-5903.2001.csv,No,No,NA
Data/html/10.1128_jcm.39.10.3760-3763.2001.html,No,No,https://journals.asm.org/doi/10.1128/jcm.39.10.3760-3763.2001,10.1128_jcm.39.10.3760-3763.2001,10.1128/jcm.39.10.3760-3763.2001,jcm,Journal of Clinical Microbiology,Data/predicted/10.1128_jcm.39.10.3760-3763.2001.csv,No,No,NA
Data/html/10.1128_jcm.02026-12.html,No,No,https://journals.asm.org/doi/10.1128/jcm.02026-12,10.1128_jcm.02026-12,10.1128/jcm.02026-12,jcm,Journal of Clinical Microbiology,Data/predicted/10.1128_jcm.02026-12.csv,No,No,NA
Data/html/10.1128_jcm.01946-13.html,No,No,https://journals.asm.org/doi/10.1128/jcm.01946-13,10.1128_jcm.01946-13,10.1128/jcm.01946-13,jcm,Journal of Clinical Microbiology,Data/predicted/10.1128_jcm.01946-13.csv,No,No,NA
Data/html/10.1128_jcm.43.7.3162-3171.2005.html,No,No,https://journals.asm.org/doi/10.1128/jcm.43.7.3162-3171.2005,10.1128_jcm.43.7.3162-3171.2005,10.1128/jcm.43.7.3162-3171.2005,jcm,Journal of Clinical Microbiology,Data/predicted/10.1128_jcm.43.7.3162-3171.2005.csv,No,Yes,sequencing of amplified PCR product of housekeeping gene rpoB
Data/html/10.1128_jcm.00207-24.html,No,No,https://journals.asm.org/doi/10.1128/jcm.00207-24,10.1128_jcm.00207-24,10.1128/jcm.00207-24,jcm,Journal of Clinical Microbiology,Data/predicted/10.1128_jcm.00207-24.csv,No,No,NA
Data/html/10.1128_jcm.43.1.132-139.2005.html,No,No,https://journals.asm.org/doi/10.1128/jcm.43.1.132-139.2005,10.1128_jcm.43.1.132-139.2005,10.1128/jcm.43.1.132-139.2005,jcm,Journal of Clinical Microbiology,Data/predicted/10.1128_jcm.43.1.132-139.2005.csv,No,No,NA
Data/html/10.1128_jcm.01940-09.html,No,No,https://journals.asm.org/doi/10.1128/jcm.01940-09,10.1128_jcm.01940-09,10.1128/jcm.01940-09,jcm,Journal of Clinical Microbiology,Data/predicted/10.1128_jcm.01940-09.csv,No,No,NA
Data/html/10.1128_jcm.00400-16.html,No,No,https://journals.asm.org/doi/10.1128/jcm.00400-16,10.1128_jcm.00400-16,10.1128/jcm.00400-16,jcm,Journal of Clinical Microbiology,Data/predicted/10.1128_jcm.00400-16.csv,No,No,NA
Data/html/10.1128_jcm.00891-11.html,No,No,https://journals.asm.org/doi/10.1128/jcm.00891-11,10.1128_jcm.00891-11,10.1128/jcm.00891-11,jcm,Journal of Clinical Microbiology,Data/predicted/10.1128_jcm.00891-11.csv,No,No,NA
Data/html/10.1128_jcm.05841-11.html,No,No,https://journals.asm.org/doi/10.1128/jcm.05841-11,10.1128_jcm.05841-11,10.1128/jcm.05841-11,jcm,Journal of Clinical Microbiology,Data/predicted/10.1128_jcm.05841-11.csv,No,No,NA
Data/html/10.1128_aem.02407-10.html,No,No,https://journals.asm.org/doi/10.1128/aem.02407-10,10.1128_aem.02407-10,10.1128/aem.02407-10,aem,Applied and Environmental Microbiology,Data/predicted/10.1128_aem.02407-10.csv,No,No,NA
Data/html/10.1128_aem.05290-11.html,No,No,https://journals.asm.org/doi/10.1128/aem.05290-11,10.1128_aem.05290-11,10.1128/aem.05290-11,aem,Applied and Environmental Microbiology,Data/predicted/10.1128_aem.05290-11.csv,No,No,NA
Data/html/10.1128_aem.67.4.1718-1727.2001.html,No,No,https://journals.asm.org/doi/10.1128/aem.67.4.1718-1727.2001,10.1128_aem.67.4.1718-1727.2001,10.1128/aem.67.4.1718-1727.2001,aem,Applied and Environmental Microbiology,Data/predicted/10.1128_aem.67.4.1718-1727.2001.csv,No,No,NA
Data/html/10.1128_aem.67.7.2895-2902.2001.html,No,No,https://journals.asm.org/doi/10.1128/aem.67.7.2895-2902.2001,10.1128_aem.67.7.2895-2902.2001,10.1128/aem.67.7.2895-2902.2001,aem,Applied and Environmental Microbiology,Data/predicted/10.1128_aem.67.7.2895-2902.2001.csv,No,No,NA
Data/html/10.1128_aem.01541-06.html,Yes,Yes,https://journals.asm.org/doi/10.1128/aem.01541-06,10.1128_aem.01541-06,10.1128/aem.01541-06,aem,Applied and Environmental Microbiology,Data/predicted/10.1128_aem.01541-06.csv,Yes,Yes,NA
Data/html/10.1128_aem.06927-11.html,No,No,https://journals.asm.org/doi/10.1128/aem.06927-11,10.1128_aem.06927-11,10.1128/aem.06927-11,aem,Applied and Environmental Microbiology,Data/predicted/10.1128_aem.06927-11.csv,No,No,NA
Data/html/10.1128_aem.01480-14.html,No,No,https://journals.asm.org/doi/10.1128/aem.01480-14,10.1128_aem.01480-14,10.1128/aem.01480-14,aem,Applied and Environmental Microbiology,Data/predicted/10.1128_aem.01480-14.csv,No,No,NA
Data/html/10.1128_aem.01180-07.html,No,No,https://journals.asm.org/doi/10.1128/aem.01180-07,10.1128_aem.01180-07,10.1128/aem.01180-07,aem,Applied and Environmental Microbiology,Data/predicted/10.1128_aem.01180-07.csv,No,No,NA
Data/html/10.1128_aem.69.6.3462-3468.2003.html,No,No,https://journals.asm.org/doi/10.1128/aem.69.6.3462-3468.2003,10.1128_aem.69.6.3462-3468.2003,10.1128/aem.69.6.3462-3468.2003,aem,Applied and Environmental Microbiology,Data/predicted/10.1128_aem.69.6.3462-3468.2003.csv,No,No,NA
Data/html/10.1128_aem.00295-14.html,Yes,Yes,https://journals.asm.org/doi/10.1128/aem.00295-14,10.1128_aem.00295-14,10.1128/aem.00295-14,aem,Applied and Environmental Microbiology,Data/predicted/10.1128_aem.00295-14.csv,Yes,Yes,NA
Data/html/10.1128_iai.71.9.5139-5148.2003.html,No,No,https://journals.asm.org/doi/10.1128/iai.71.9.5139-5148.2003,10.1128_iai.71.9.5139-5148.2003,10.1128/iai.71.9.5139-5148.2003,iai,Infection and Immunity,Data/predicted/10.1128_iai.71.9.5139-5148.2003.csv,No,No,NA
Data/html/10.1128_iai.01338-05.html,No,No,https://journals.asm.org/doi/10.1128/iai.01338-05,10.1128_iai.01338-05,10.1128/iai.01338-05,iai,Infection and Immunity,Data/predicted/10.1128_iai.01338-05.csv,No,No,NA
Data/html/10.1128_iai.00711-18.html,No,No,https://journals.asm.org/doi/10.1128/iai.00711-18,10.1128_iai.00711-18,10.1128/iai.00711-18,iai,Infection and Immunity,Data/predicted/10.1128_iai.00711-18.csv,No,No,NA
Data/html/10.1128_iai.00403-06.html,No,No,https://journals.asm.org/doi/10.1128/iai.00403-06,10.1128_iai.00403-06,10.1128/iai.00403-06,iai,Infection and Immunity,Data/predicted/10.1128_iai.00403-06.csv,No,No,NA
Data/html/10.1128_iai.01109-10.html,No,Yes,https://journals.asm.org/doi/10.1128/iai.01109-10,10.1128_iai.01109-10,10.1128/iai.01109-10,iai,Infection and Immunity,Data/predicted/10.1128_iai.01109-10.csv,No,No,use of previously published sequences
Data/html/10.1128_iai.71.4.1880-1886.2003.html,No,No,https://journals.asm.org/doi/10.1128/iai.71.4.1880-1886.2003,10.1128_iai.71.4.1880-1886.2003,10.1128/iai.71.4.1880-1886.2003,iai,Infection and Immunity,Data/predicted/10.1128_iai.71.4.1880-1886.2003.csv,No,No,NA
Data/html/10.1128_iai.01236-08.html,No,No,https://journals.asm.org/doi/10.1128/iai.01236-08,10.1128_iai.01236-08,10.1128/iai.01236-08,iai,Infection and Immunity,Data/predicted/10.1128_iai.01236-08.csv,No,No,NA
Data/html/10.1128_iai.05290-11.html,No,Yes,https://journals.asm.org/doi/10.1128/iai.05290-11,10.1128_iai.05290-11,10.1128/iai.05290-11,iai,Infection and Immunity,Data/predicted/10.1128_iai.05290-11.csv,No,No,confirmation sequecing for mutation research
Data/html/10.1128_iai.01606-14.html,No,No,https://journals.asm.org/doi/10.1128/iai.01606-14,10.1128_iai.01606-14,10.1128/iai.01606-14,iai,Infection and Immunity,Data/predicted/10.1128_iai.01606-14.csv,No,No,NA
Data/html/10.1128_iai.68.6.3103-3107.2000.html,No,No,https://journals.asm.org/doi/10.1128/iai.68.6.3103-3107.2000,10.1128_iai.68.6.3103-3107.2000,10.1128/iai.68.6.3103-3107.2000,iai,Infection and Immunity,Data/predicted/10.1128_iai.68.6.3103-3107.2000.csv,No,No,NA
Data/html/10.1128_jmbe.v19i1.1538.html,No,No,https://journals.asm.org/doi/10.1128/jmbe.v19i1.1538,10.1128_jmbe.v19i1.1538,10.1128/jmbe.v19i1.1538,jmbe,Journal of Microbiology &amp; Biology Education,Data/predicted/10.1128_jmbe.v19i1.1538.csv,0,0,NA
Data/html/10.1128_jmbe.v16i2.973.html,No,No,https://journals.asm.org/doi/10.1128/jmbe.v16i2.973,10.1128_jmbe.v16i2.973,10.1128/jmbe.v16i2.973,jmbe,Journal of Microbiology &amp; Biology Education,Data/predicted/10.1128_jmbe.v16i2.973.csv,0,0,NA
Data/html/10.1128_jmbe.00047-23.html,No,No,https://journals.asm.org/doi/10.1128/jmbe.00047-23,10.1128_jmbe.00047-23,10.1128/jmbe.00047-23,jmbe,Journal of Microbiology &amp; Biology Education,Data/predicted/10.1128_jmbe.00047-23.csv,0,0,NA
Data/html/10.1128_jmbe.v18i2.1284.html,No,No,https://journals.asm.org/doi/10.1128/jmbe.v18i2.1284,10.1128_jmbe.v18i2.1284,10.1128/jmbe.v18i2.1284,jmbe,Journal of Microbiology &amp; Biology Education,Data/predicted/10.1128_jmbe.v18i2.1284.csv,0,0,NA
Data/html/10.1128_jmbe.v15i2.737.html,No,No,https://journals.asm.org/doi/10.1128/jmbe.v15i2.737,10.1128_jmbe.v15i2.737,10.1128/jmbe.v15i2.737,jmbe,Journal of Microbiology &amp; Biology Education,Data/predicted/10.1128_jmbe.v15i2.737.csv,0,0,NA
Data/html/10.1128_jmbe.v19i1.1494.html,No,No,https://journals.asm.org/doi/10.1128/jmbe.v19i1.1494,10.1128_jmbe.v19i1.1494,10.1128/jmbe.v19i1.1494,jmbe,Journal of Microbiology &amp; Biology Education,Data/predicted/10.1128_jmbe.v19i1.1494.csv,0,0,NA
Data/html/10.1128_jmbe.v19i2.1501.html,No,No,https://journals.asm.org/doi/10.1128/jmbe.v19i2.1501,10.1128_jmbe.v19i2.1501,10.1128/jmbe.v19i2.1501,jmbe,Journal of Microbiology &amp; Biology Education,Data/predicted/10.1128_jmbe.v19i2.1501.csv,0,0,NA
Data/html/10.1128_jmbe.00148-23.html,No,No,https://journals.asm.org/doi/10.1128/jmbe.00148-23,10.1128_jmbe.00148-23,10.1128/jmbe.00148-23,jmbe,Journal of Microbiology &amp; Biology Education,Data/predicted/10.1128_jmbe.00148-23.csv,0,0,NA
Data/html/10.1128_jmbe.00335-21.html,No,No,https://journals.asm.org/doi/10.1128/jmbe.00335-21,10.1128_jmbe.00335-21,10.1128/jmbe.00335-21,jmbe,Journal of Microbiology &amp; Biology Education,Data/predicted/10.1128_jmbe.00335-21.csv,0,0,NA
Data/html/10.1128_jmbe.v11i2.163.html,No,No,https://journals.asm.org/doi/10.1128/jmbe.v11i2.163,10.1128_jmbe.v11i2.163,10.1128/jmbe.v11i2.163,jmbe,Journal of Microbiology &amp; Biology Education,Data/predicted/10.1128_jmbe.v11i2.163.csv,0,0,NA
Data/html/10.1128_jmbe.v16i1.884.html,No,No,https://journals.asm.org/doi/10.1128/jmbe.v16i1.884,10.1128_jmbe.v16i1.884,10.1128/jmbe.v16i1.884,jmbe,Journal of Microbiology and Biology Education,Data/predicted/10.1128_jmbe.v16i1.884.csv,0,0,NA
Data/html/10.1128_jmbe.00331-21.html,No,No,https://journals.asm.org/doi/10.1128/jmbe.00331-21,10.1128_jmbe.00331-21,10.1128/jmbe.00331-21,jmbe,Journal of Microbiology and Biology Education,Data/predicted/10.1128_jmbe.00331-21.csv,0,0,NA
Data/html/10.1128_jmbe.v14i2.632.html,No,No,https://journals.asm.org/doi/10.1128/jmbe.v14i2.632,10.1128_jmbe.v14i2.632,10.1128/jmbe.v14i2.632,jmbe,Journal of Microbiology and Biology Education,Data/predicted/10.1128_jmbe.v14i2.632.csv,0,0,NA
Data/html/10.1128_jmbe.00149-21.html,No,No,https://journals.asm.org/doi/10.1128/jmbe.00149-21,10.1128_jmbe.00149-21,10.1128/jmbe.00149-21,jmbe,Journal of Microbiology and Biology Education,Data/predicted/10.1128_jmbe.00149-21.csv,0,0,NA
Data/html/10.1128_jmbe.v12i2.343.html,No,No,https://journals.asm.org/doi/10.1128/jmbe.v12i2.343,10.1128_jmbe.v12i2.343,10.1128/jmbe.v12i2.343,jmbe,Journal of Microbiology and Biology Education,Data/predicted/10.1128_jmbe.v12i2.343.csv,0,0,NA
Data/html/10.1128_jmbe.v17i2.954.html,No,No,https://journals.asm.org/doi/10.1128/jmbe.v17i2.954,10.1128_jmbe.v17i2.954,10.1128/jmbe.v17i2.954,jmbe,Journal of Microbiology and Biology Education,Data/predicted/10.1128_jmbe.v17i2.954.csv,0,0,NA
Data/html/10.1128_jmbe.v19i2.1489.html,No,No,https://journals.asm.org/doi/10.1128/jmbe.v19i2.1489,10.1128_jmbe.v19i2.1489,10.1128/jmbe.v19i2.1489,jmbe,Journal of Microbiology and Biology Education,Data/predicted/10.1128_jmbe.v19i2.1489.csv,0,0,NA
Data/html/10.1128_jmbe.00227-21.html,No,No,https://journals.asm.org/doi/10.1128/jmbe.00227-21,10.1128_jmbe.00227-21,10.1128/jmbe.00227-21,jmbe,Journal of Microbiology and Biology Education,Data/predicted/10.1128_jmbe.00227-21.csv,0,0,NA
Data/html/10.1128_jmbe.00203-22.html,No,No,https://journals.asm.org/doi/10.1128/jmbe.00203-22,10.1128_jmbe.00203-22,10.1128/jmbe.00203-22,jmbe,Journal of Microbiology and Biology Education,Data/predicted/10.1128_jmbe.00203-22.csv,0,0,NA
Data/html/10.1128_jmbe.v16i2.925.html,No,No,https://journals.asm.org/doi/10.1128/jmbe.v16i2.925,10.1128_jmbe.v16i2.925,10.1128/jmbe.v16i2.925,jmbe,Journal of Microbiology and Biology Education,Data/predicted/10.1128_jmbe.v16i2.925.csv,0,0,NA
Data/html/10.1128_jvi.01022-20.html,No,No,https://journals.asm.org/doi/10.1128/jvi.01022-20,10.1128_jvi.01022-20,10.1128/jvi.01022-20,jvi,Journal of Virology,Data/predicted/10.1128_jvi.01022-20.csv,0,0,NA
Data/html/10.1128_jvi.01572-17.html,No,No,https://journals.asm.org/doi/10.1128/jvi.01572-17,10.1128_jvi.01572-17,10.1128/jvi.01572-17,jvi,Journal of Virology,Data/predicted/10.1128_jvi.01572-17.csv,0,0,NA
Data/html/10.1128_jvi.78.16.8543-8551.2004.html,No,No,https://journals.asm.org/doi/10.1128/jvi.78.16.8543-8551.2004,10.1128_jvi.78.16.8543-8551.2004,10.1128/jvi.78.16.8543-8551.2004,jvi,Journal of Virology,Data/predicted/10.1128_jvi.78.16.8543-8551.2004.csv,0,0,NA
Data/html/10.1128_jvi.00169-22.html,No,No,https://journals.asm.org/doi/10.1128/jvi.00169-22,10.1128_jvi.00169-22,10.1128/jvi.00169-22,jvi,Journal of Virology,Data/predicted/10.1128_jvi.00169-22.csv,0,0,NA
Data/html/10.1128_jvi.01887-06.html,No,No,https://journals.asm.org/doi/10.1128/jvi.01887-06,10.1128_jvi.01887-06,10.1128/jvi.01887-06,jvi,Journal of Virology,Data/predicted/10.1128_jvi.01887-06.csv,0,0,NA
Data/html/10.1128_jvi.02604-09.html,No,No,https://journals.asm.org/doi/10.1128/jvi.02604-09,10.1128_jvi.02604-09,10.1128/jvi.02604-09,jvi,Journal of Virology,Data/predicted/10.1128_jvi.02604-09.csv,0,0,NA
Data/html/10.1128_jvi.79.10.6554-6559.2005.html,No,No,https://journals.asm.org/doi/10.1128/jvi.79.10.6554-6559.2005,10.1128_jvi.79.10.6554-6559.2005,10.1128/jvi.79.10.6554-6559.2005,jvi,Journal of Virology,Data/predicted/10.1128_jvi.79.10.6554-6559.2005.csv,0,0,NA
Data/html/10.1128_jvi.79.1.410-418.2005.html,No,No,https://journals.asm.org/doi/10.1128/jvi.79.1.410-418.2005,10.1128_jvi.79.1.410-418.2005,10.1128/jvi.79.1.410-418.2005,jvi,Journal of Virology,Data/predicted/10.1128_jvi.79.1.410-418.2005.csv,0,0,NA
Data/html/10.1128_jvi.76.20.10401-10416.2002.html,No,No,https://journals.asm.org/doi/10.1128/jvi.76.20.10401-10416.2002,10.1128_jvi.76.20.10401-10416.2002,10.1128/jvi.76.20.10401-10416.2002,jvi,Journal of Virology,Data/predicted/10.1128_jvi.76.20.10401-10416.2002.csv,0,0,NA
Data/html/10.1128_jvi.06708-11.html,No,No,https://journals.asm.org/doi/10.1128/jvi.06708-11,10.1128_jvi.06708-11,10.1128/jvi.06708-11,jvi,Journal of Virology,Data/predicted/10.1128_jvi.06708-11.csv,0,0,NA
Data/html/10.1128_mbio.00921-20.html,No,No,https://journals.asm.org/doi/10.1128/mbio.00921-20,10.1128_mbio.00921-20,10.1128/mbio.00921-20,mbio,mBio,Data/predicted/10.1128_mbio.00921-20.csv,0,0,NA
Data/html/10.1128_mbio.00121-17.html,No,No,https://journals.asm.org/doi/10.1128/mbio.00121-17,10.1128_mbio.00121-17,10.1128/mbio.00121-17,mbio,mBio,Data/predicted/10.1128_mbio.00121-17.csv,0,0,NA
Data/html/10.1128_mbio.00488-20.html,No,No,https://journals.asm.org/doi/10.1128/mbio.00488-20,10.1128_mbio.00488-20,10.1128/mbio.00488-20,mbio,mBio,Data/predicted/10.1128_mbio.00488-20.csv,0,0,NA
Data/html/10.1128_mbio.01183-14.html,No,Yes,https://journals.asm.org/doi/10.1128/mbio.01183-14,10.1128_mbio.01183-14,10.1128/mbio.01183-14,mbio,mBio,Data/predicted/10.1128_mbio.01183-14.csv,0,0,NA
Data/html/10.1128_mbio.00276-16.html,No,No,https://journals.asm.org/doi/10.1128/mbio.00276-16,10.1128_mbio.00276-16,10.1128/mbio.00276-16,mbio,mBio,Data/predicted/10.1128_mbio.00276-16.csv,0,0,NA
Data/html/10.1128_mbio.02972-21.html,No,No,https://journals.asm.org/doi/10.1128/mbio.02972-21,10.1128_mbio.02972-21,10.1128/mbio.02972-21,mbio,mBio,Data/predicted/10.1128_mbio.02972-21.csv,0,0,NA
Data/html/10.1128_mbio.01608-14..html,NA,NA,https://journals.asm.org/doi/10.1128/mbio.01608-14.,10.1128_mbio.01608-14.,10.1128/mbio.01608-14.,mbio,mBio,Data/predicted/10.1128_mbio.01608-14..csv,0,0,NA
Data/html/10.1128_mbio.03160-23.html,No,Yes,https://journals.asm.org/doi/10.1128/mbio.03160-23,10.1128_mbio.03160-23,10.1128/mbio.03160-23,mbio,mBio,Data/predicted/10.1128_mbio.03160-23.csv,0,0,NA
Data/html/10.1128_mbio.01008-21.html,No,No,https://journals.asm.org/doi/10.1128/mbio.01008-21,10.1128_mbio.01008-21,10.1128/mbio.01008-21,mbio,mBio,Data/predicted/10.1128_mbio.01008-21.csv,0,0,NA
Data/html/10.1128_mbio.02605-22.html,No,No,https://journals.asm.org/doi/10.1128/mbio.02605-22,10.1128_mbio.02605-22,10.1128/mbio.02605-22,mbio,mBio,Data/predicted/10.1128_mbio.02605-22.csv,0,0,NA
Data/html/10.1128_mra.00848-18.html,Yes,Yes,https://journals.asm.org/doi/10.1128/mra.00848-18,10.1128_mra.00848-18,10.1128/mra.00848-18,mra,Genome Announcements,Data/predicted/10.1128_mra.00848-18.csv,0,0,NA
Data/html/10.1128_mra.01083-20.html,Yes,Yes,https://journals.asm.org/doi/10.1128/mra.01083-20,10.1128_mra.01083-20,10.1128/mra.01083-20,mra,Genome Announcements,Data/predicted/10.1128_mra.01083-20.csv,0,0,NA
Data/html/10.1128_mra.00437-23.html,Yes,Yes,https://journals.asm.org/doi/10.1128/mra.00437-23,10.1128_mra.00437-23,10.1128/mra.00437-23,mra,Genome Announcements,Data/predicted/10.1128_mra.00437-23.csv,0,0,NA
Data/html/10.1128_mra.00250-24.html,Yes,Yes,https://journals.asm.org/doi/10.1128/mra.00250-24,10.1128_mra.00250-24,10.1128/mra.00250-24,mra,Genome Announcements,Data/predicted/10.1128_mra.00250-24.csv,0,0,NA
Data/html/10.1128_mra.00128-24.html,Yes,Yes,https://journals.asm.org/doi/10.1128/mra.00128-24,10.1128_mra.00128-24,10.1128/mra.00128-24,mra,Genome Announcements,Data/predicted/10.1128_mra.00128-24.csv,0,0,NA
Data/html/10.1128_mra.00407-22.html,Yes,Yes,https://journals.asm.org/doi/10.1128/mra.00407-22,10.1128_mra.00407-22,10.1128/mra.00407-22,mra,Genome Announcements,Data/predicted/10.1128_mra.00407-22.csv,0,0,NA
Data/html/10.1128_mra.01164-22.html,Yes,Yes,https://journals.asm.org/doi/10.1128/mra.01164-22,10.1128_mra.01164-22,10.1128/mra.01164-22,mra,Genome Announcements,Data/predicted/10.1128_mra.01164-22.csv,0,0,NA
Data/html/10.1128_mra.00481-20.html,Yes,Yes,https://journals.asm.org/doi/10.1128/mra.00481-20,10.1128_mra.00481-20,10.1128/mra.00481-20,mra,Genome Announcements,Data/predicted/10.1128_mra.00481-20.csv,0,0,NA
Data/html/10.1128_mra.00165-24.html,Yes,Yes,https://journals.asm.org/doi/10.1128/mra.00165-24,10.1128_mra.00165-24,10.1128/mra.00165-24,mra,Genome Announcements,Data/predicted/10.1128_mra.00165-24.csv,0,0,NA
Data/html/10.1128_mra.00432-19.html,Yes,Yes,https://journals.asm.org/doi/10.1128/mra.00432-19,10.1128_mra.00432-19,10.1128/mra.00432-19,mra,Genome Announcements,Data/predicted/10.1128_mra.00432-19.csv,0,0,NA
Data/html/10.1128_mra.00806-19.html,Yes,Yes,https://journals.asm.org/doi/10.1128/mra.00806-19,10.1128_mra.00806-19,10.1128/mra.00806-19,mra,Microbiology Resource Announcements,Data/predicted/10.1128_mra.00806-19.csv,0,0,NA
Data/html/10.1128_mra.00832-18.html,Yes,Yes,https://journals.asm.org/doi/10.1128/mra.00832-18,10.1128_mra.00832-18,10.1128/mra.00832-18,mra,Microbiology Resource Announcements,Data/predicted/10.1128_mra.00832-18.csv,0,0,NA
Data/html/10.1128_mra.00182-20.html,Yes,Yes,https://journals.asm.org/doi/10.1128/mra.00182-20,10.1128_mra.00182-20,10.1128/mra.00182-20,mra,Microbiology Resource Announcements,Data/predicted/10.1128_mra.00182-20.csv,0,0,NA
Data/html/10.1128_mra.00888-18.html,Yes,Yes,https://journals.asm.org/doi/10.1128/mra.00888-18,10.1128_mra.00888-18,10.1128/mra.00888-18,mra,Microbiology Resource Announcements,Data/predicted/10.1128_mra.00888-18.csv,0,0,NA
Data/html/10.1128_mra.01416-19.html,Yes,Yes,https://journals.asm.org/doi/10.1128/mra.01416-19,10.1128_mra.01416-19,10.1128/mra.01416-19,mra,Microbiology Resource Announcements,Data/predicted/10.1128_mra.01416-19.csv,0,0,NA
Data/html/10.1128_mra.00887-20.html,Yes,Yes,https://journals.asm.org/doi/10.1128/mra.00887-20,10.1128_mra.00887-20,10.1128/mra.00887-20,mra,Microbiology Resource Announcements,Data/predicted/10.1128_mra.00887-20.csv,0,0,NA
Data/html/10.1128_mra.01186-22.html,Yes,Yes,https://journals.asm.org/doi/10.1128/mra.01186-22,10.1128_mra.01186-22,10.1128/mra.01186-22,mra,Microbiology Resource Announcements,Data/predicted/10.1128_mra.01186-22.csv,0,0,NA
Data/html/10.1128_mra.00060-24.html,Yes,Yes,https://journals.asm.org/doi/10.1128/mra.00060-24,10.1128_mra.00060-24,10.1128/mra.00060-24,mra,Microbiology Resource Announcements,Data/predicted/10.1128_mra.00060-24.csv,0,0,NA
Data/html/10.1128_mra.00488-23.html,Yes,Yes,https://journals.asm.org/doi/10.1128/mra.00488-23,10.1128_mra.00488-23,10.1128/mra.00488-23,mra,Microbiology Resource Announcements,Data/predicted/10.1128_mra.00488-23.csv,0,0,NA
Data/html/10.1128_mra.01732-18.html,Yes,Yes,https://journals.asm.org/doi/10.1128/mra.01732-18,10.1128_mra.01732-18,10.1128/mra.01732-18,mra,Microbiology Resource Announcements,Data/predicted/10.1128_mra.01732-18.csv,0,0,NA
Data/html/10.1128_msphere.00176-17.html,No,No,https://journals.asm.org/doi/10.1128/msphere.00176-17,10.1128_msphere.00176-17,10.1128/msphere.00176-17,msphere,mSphere,Data/predicted/10.1128_msphere.00176-17.csv,0,0,NA
Data/html/10.1128_msphere.00359-16.html,Yes,Yes,https://journals.asm.org/doi/10.1128/msphere.00359-16,10.1128_msphere.00359-16,10.1128/msphere.00359-16,msphere,mSphere,Data/predicted/10.1128_msphere.00359-16.csv,0,0,NA
Data/html/10.1128_msphere.00737-20.html,Yes,Yes,https://journals.asm.org/doi/10.1128/msphere.00737-20,10.1128_msphere.00737-20,10.1128/msphere.00737-20,msphere,mSphere,Data/predicted/10.1128_msphere.00737-20.csv,0,0,NA
Data/html/10.1128_msphere.00760-20.html,No,No,https://journals.asm.org/doi/10.1128/msphere.00760-20,10.1128_msphere.00760-20,10.1128/msphere.00760-20,msphere,mSphere,Data/predicted/10.1128_msphere.00760-20.csv,0,0,NA
Data/html/10.1128_msphere.00231-24.html,Yes,Yes,https://journals.asm.org/doi/10.1128/msphere.00231-24,10.1128_msphere.00231-24,10.1128/msphere.00231-24,msphere,mSphere,Data/predicted/10.1128_msphere.00231-24.csv,0,0,NA
Data/html/10.1128_msphere.00602-22.html,Yes,Yes,https://journals.asm.org/doi/10.1128/msphere.00602-22,10.1128_msphere.00602-22,10.1128/msphere.00602-22,msphere,mSphere,Data/predicted/10.1128_msphere.00602-22.csv,0,0,NA
Data/html/10.1128_msphere.00807-19.html,Yes,Yes,https://journals.asm.org/doi/10.1128/msphere.00807-19,10.1128_msphere.00807-19,10.1128/msphere.00807-19,msphere,mSphere,Data/predicted/10.1128_msphere.00807-19.csv,0,0,NA
Data/html/10.1128_msphere.00021-21.html,Yes,Yes,https://journals.asm.org/doi/10.1128/msphere.00021-21,10.1128_msphere.00021-21,10.1128/msphere.00021-21,msphere,mSphere,Data/predicted/10.1128_msphere.00021-21.csv,0,0,NA
Data/html/10.1128_msphere.00057-23.html,No,No,https://journals.asm.org/doi/10.1128/msphere.00057-23,10.1128_msphere.00057-23,10.1128/msphere.00057-23,msphere,mSphere,Data/predicted/10.1128_msphere.00057-23.csv,0,0,NA
Data/html/10.1128_msphere.00594-22.html,No,Yes,https://journals.asm.org/doi/10.1128/msphere.00594-22,10.1128_msphere.00594-22,10.1128/msphere.00594-22,msphere,mSphere,Data/predicted/10.1128_msphere.00594-22.csv,0,0,NA
Data/html/10.1128_msystems.00805-21.html,Yes,Yes,https://journals.asm.org/doi/10.1128/msystems.00805-21,10.1128_msystems.00805-21,10.1128/msystems.00805-21,msystems,mSystems,Data/predicted/10.1128_msystems.00805-21.csv,0,0,NA
Data/html/10.1128_msystems.00736-24.html,No,No,https://journals.asm.org/doi/10.1128/msystems.00736-24,10.1128_msystems.00736-24,10.1128/msystems.00736-24,msystems,mSystems,Data/predicted/10.1128_msystems.00736-24.csv,0,0,NA
Data/html/10.1128_msystems.00144-16.html,No,No,https://journals.asm.org/doi/10.1128/msystems.00144-16,10.1128_msystems.00144-16,10.1128/msystems.00144-16,msystems,mSystems,Data/predicted/10.1128_msystems.00144-16.csv,0,0,NA
Data/html/10.1128_msystems.00290-19.html,Yes,Yes,https://journals.asm.org/doi/10.1128/msystems.00290-19,10.1128_msystems.00290-19,10.1128/msystems.00290-19,msystems,mSystems,Data/predicted/10.1128_msystems.00290-19.csv,0,0,NA
Data/html/10.1128_msystems.00362-24.html,Yes,Yes,https://journals.asm.org/doi/10.1128/msystems.00362-24,10.1128_msystems.00362-24,10.1128/msystems.00362-24,msystems,mSystems,Data/predicted/10.1128_msystems.00362-24.csv,0,0,NA
Data/html/10.1128_msystems.01006-20.html,Yes,Yes,https://journals.asm.org/doi/10.1128/msystems.01006-20,10.1128_msystems.01006-20,10.1128/msystems.01006-20,msystems,mSystems,Data/predicted/10.1128_msystems.01006-20.csv,0,0,NA
Data/html/10.1128_msystems.00418-22.html,Yes,Yes,https://journals.asm.org/doi/10.1128/msystems.00418-22,10.1128_msystems.00418-22,10.1128/msystems.00418-22,msystems,mSystems,Data/predicted/10.1128_msystems.00418-22.csv,0,0,NA
Data/html/10.1128_msystems.00022-22.html,Yes,Yes,https://journals.asm.org/doi/10.1128/msystems.00022-22,10.1128_msystems.00022-22,10.1128/msystems.00022-22,msystems,mSystems,Data/predicted/10.1128_msystems.00022-22.csv,0,0,NA
Data/html/10.1128_msystems.00180-20.html,Yes,Yes,https://journals.asm.org/doi/10.1128/msystems.00180-20,10.1128_msystems.00180-20,10.1128/msystems.00180-20,msystems,mSystems,Data/predicted/10.1128_msystems.00180-20.csv,0,0,NA
Data/html/10.1128_msystems.00508-21.html,No,No,https://journals.asm.org/doi/10.1128/msystems.00508-21,10.1128_msystems.00508-21,10.1128/msystems.00508-21,msystems,mSystems,Data/predicted/10.1128_msystems.00508-21.csv,0,0,NA
Data/html/10.1128_spectrum.02169-23.html,No,No,https://journals.asm.org/doi/10.1128/spectrum.02169-23,10.1128_spectrum.02169-23,10.1128/spectrum.02169-23,spectrum,Microbiology Spectrum,Data/predicted/10.1128_spectrum.02169-23.csv,0,0,NA
Data/html/10.1128_spectrum.00921-22.html,No,No,https://journals.asm.org/doi/10.1128/spectrum.00921-22,10.1128_spectrum.00921-22,10.1128/spectrum.00921-22,spectrum,Microbiology Spectrum,Data/predicted/10.1128_spectrum.00921-22.csv,0,0,NA
Data/html/10.1128_spectrum.04101-22.html,No,Yes,https://journals.asm.org/doi/10.1128/spectrum.04101-22,10.1128_spectrum.04101-22,10.1128/spectrum.04101-22,spectrum,Microbiology Spectrum,Data/predicted/10.1128_spectrum.04101-22.csv,0,0,NA
Data/html/10.1128_spectrum.00890-23.html,Yes,Yes,https://journals.asm.org/doi/10.1128/spectrum.00890-23,10.1128_spectrum.00890-23,10.1128/spectrum.00890-23,spectrum,Microbiology Spectrum,Data/predicted/10.1128_spectrum.00890-23.csv,0,0,NA
Data/html/10.1128_spectrum.03347-22.html,No,No,https://journals.asm.org/doi/10.1128/spectrum.03347-22,10.1128_spectrum.03347-22,10.1128/spectrum.03347-22,spectrum,Microbiology Spectrum,Data/predicted/10.1128_spectrum.03347-22.csv,0,0,NA
Data/html/10.1128_spectrum.02083-22.html,No,No,https://journals.asm.org/doi/10.1128/spectrum.02083-22,10.1128_spectrum.02083-22,10.1128/spectrum.02083-22,spectrum,Microbiology Spectrum,Data/predicted/10.1128_spectrum.02083-22.csv,0,0,NA
Data/html/10.1128_spectrum.03596-23.html,No,No,https://journals.asm.org/doi/10.1128/spectrum.03596-23,10.1128_spectrum.03596-23,10.1128/spectrum.03596-23,spectrum,Microbiology Spectrum,Data/predicted/10.1128_spectrum.03596-23.csv,0,0,NA
Data/html/10.1128_spectrum.02720-23.html,Yes,Yes,https://journals.asm.org/doi/10.1128/spectrum.02720-23,10.1128_spectrum.02720-23,10.1128/spectrum.02720-23,spectrum,Microbiology Spectrum,Data/predicted/10.1128_spectrum.02720-23.csv,0,0,NA
Data/html/10.1128_spectrum.03172-22.html,No,No,https://journals.asm.org/doi/10.1128/spectrum.03172-22,10.1128_spectrum.03172-22,10.1128/spectrum.03172-22,spectrum,Microbiology Spectrum,Data/predicted/10.1128_spectrum.03172-22.csv,0,0,NA
Data/html/10.1128_spectrum.01675-24.html,No,No,https://journals.asm.org/doi/10.1128/spectrum.01675-24,10.1128_spectrum.01675-24,10.1128/spectrum.01675-24,spectrum,Microbiology Spectrum,Data/predicted/10.1128_spectrum.01675-24.csv,0,0,NA